"Contrassegno","Nachnahme"
"Altro - Vedi la descrizione dell'oggetto","Sonstiges – siehe Beschreibung des Gegenstands"
"Infobonifico","Infobonifico"
"PayPal","PayPal"
"Bonifico bancario accettato","Bankgutschrift akzeptiert"
"14 giorni","14 Tage"
"30 giorni","30 Tage"
"60 giorni","60 Tage"
"Restituzione accettata","Erstattung akzeptiert"
"Restituzione non accettata","Erstattung nicht akzeptiert"
"Acquirente","Käufer"
"Venditore","Verkäufer"
"Altri Servizi","Sonstige Dienste"
"DHL Express International","DHL Express International"
"Spedizione internazionale economica","Günstiger internationaler Versand"
"Spedizione economica dall’estero","Günstiger Versand aus dem Ausland"
"Spedizione standard dall’estero","Standardversand aus dem Ausland"
"Spedizione espressa dall’estero","Express-Versand aus dem Ausland"
"Spedizione tracciata dall’estero","Versandverfolgung aus dem Ausland"
"Economica","Günstig"
"Altro corriere 3-5 giorni","Anderer Kurierdienst 3-5 Tage"
"Pacco Ordinario Estero","Standardpaket Ausland"
"Pacco ordinario","Standardpaket"
"Posta assicurata","Versicherter Versand"
"Posta Prioritaria Internazionale","Expresszustellung International"
"Posta prioritaria","Expresszustellung"
"Posta raccomandata","Einschreiben"
"Espressa","Express"
"Altro corriere 24hr","Anderer Kurierdienst24 Std."
"DHL Express","DHL Express"
"Paccocelere Internazionale","Paketexpress/Paccocelere International"
"Posta Celere / Paccocelere 1","Expressdienst/Paccocelere 1"
"Expedited Services","Expedited-Dienstleistungen"
"Spedizione internazionale espressa","Internationaler Express-Versand"
"Local pickup","Local pickup"
"Ritiro in zona","Abholung vor Ort"
"None","Keine"
"Promotional Services","Promotional Services"
"Standard","Standard"
"Altro corriere 48hr","Anderer Kurierdienst48 Std."
"Express Mail Service","Express Mail Service"
"IoInvio","IoInvio"
"Paccocelere 3","Paccocelere 3"
"Posta Assicurata Internazionale","Wertbrief International"
"Posta Raccomandata Internazionale","Einschreiben International"
"Spedizione internazionale standard","Internationaler Standard-Versand"
"Tutto il mondo","Weltweit"
"Australia","Australien"
"America","Amerika"
"Asia","Asien"
"Canada","Kanada"
"Germania","Deutschland"
"Europa","Europa"
"Unione europea","Europäische Union"
"Francia","Frankreich"
"Regno Unito","Vereinigtes Königreich"
"Giappone","Japan"
"Luogo non specificato","Ort nicht angegeben"
"Stati Uniti","Vereinigte Staaten"
"Africa","Afrika"
"Asia","Asien"
"America centrale e Caraibi","Mittelamerika und Karibik"
"Europa","Europa"
"Nord America","Nordamerika"
"Oceania","Ozeanien"
"Sud America","Südamerika"
"Medio oriente","Mittlerer Osten"
"Asia sud-orientale","Vorderasien"
"PO Box","Postfach"
"Algeria","Algerien"
"Angola","Angola"
"Benin","Benin"
"Botswana","Botswana"
"Burkina Faso","Burkina Faso"
"Burundi","Burundi"
"Camerun","Kamerun"
"Ciad","Tschad"
"Comoros","Komoren"
"Congo, Repubblica","Kongo, Republik"
"Congo, Repubblica Democratica","Kongo, Demokratische Republik"
"Costa d'Avorio","Elfenbeinküste"
"Egitto","Ägypten"
"Eritrea","Eritrea"
"Etiopia","Äthiopien"
"Gambia","Gambia"
"Ghana","Ghana"
"Gibuti","Dschibuti"
"Guinea","Guinea"
"Guinea Equatoriale","Äquatorialguinea"
"Guinea-Bissau","Guinea-Bissau"
"Isole di Capo Verde","Kapverdische Inseln"
"Kenya","Kenia"
"Lesotho","Lesotho"
"Liberia","Liberia"
"Libya","Libyen"
"Madagascar","Madagaskar"
"Malawi","Malawi"
"Mali","Mali"
"Marocco","Marokko"
"Mauritania","Mauretanien"
"Mauritius","Mauritius"
"Mayotte","Mayotte"
"Mozambico","Mosambik"
"Namibia","Namibia"
"Niger","Niger"
"Nigeria","Nigeria"
"Repubblica Centrafricana","Zentralafrikanische Republik"
"Repubblica di Gabon","Gabun"
"Reunion","La Réunion"
"Ruanda","Ruanda"
"Sahara Occidentale","Westsahara"
"Senegal","Senegal"
"Seychelles","Seychellen"
"Sierra Leone","Sierra Leone"
"Somalia","Somalia"
"St. Elena","St. Helena"
"Sudafrica","Südafrika"
"Swaziland","Swasiland"
"Tanzania","Tansania"
"Togo","Togo"
"Tunisia","Tunesien"
"Uganda","Uganda"
"Zambia","Sambia"
"Zimbabwe","Simbabwe"
"Afghanistan","Afghanistan"
"Armenia","Armenien"
"Bangladesh","Bangladesh"
"Bhutan","Bhutan"
"Cina","China"
"Corea del Sud","Südkorea"
"Federazione Russa","Russische Föderation"
"Georgia","Georgien"
"Giappone","Japan"
"India","Indien"
"Kazakistan","Kasachstan"
"Kyrgyzstan","Kirgisistan"
"Maldive","Malediven"
"Mongolia","Mongolei"
"Nepal","Nepal"
"Pakistan","Pakistan"
"Repubblica dell'Azerbaijan","Republik Aserbaidschan"
"Sri Lanka","Sri Lanka"
"Tajikistan","Tadschikistan"
"Turkmenistan","Turkmenistan"
"Uzbekistan","Usbekistan"
"Anguilla","Anguilla"
"Antigua e Barbuda","Antigua und Barbuda"
"Antille Olandesi","Niederländischen Antillen"
"Aruba","Aruba"
"Bahamas","Bahamas"
"Barbados","Barbados"
"Belize","Belize"
"Costa Rica","Costa Rica"
"Dominica","Dominica"
"El Salvador","El Salvador"
"Giamaica","Jamaika"
"Grenada","Grenada"
"Guadalupe","Guadalupe"
"Guatemala","Guatemala"
"Haiti","Haiti"
"Honduras","Honduras"
"Isole Cayman","Kaimaninseln"
"Isole Turks e Caicos","Turks- und Caicosinseln"
"Isole Vergini (U.S.A.)","Amerikanische Jungferninseln"
"Isole Vergini Britanniche","Britische Jungferninseln"
"Martinica","Martinique"
"Montserrat","Montserrat"
"Nicaragua","Nicaragua"
"Panama","Panama"
"Porto Rico","Puerto Rico"
"Repubblica Dominicana","Dominikanische Republik"
"San Vincenzo e Grenadine","St. Vincent und die Grenadinen"
"Santa Lucia","St. Lucia"
"St. Kitts-Nevis","St. Kitts und Nevis"
"Trinidad e Tobago","Trinidad und Tobago"
"Albania","Albanien"
"Andorra","Andorra"
"Austria","Österreich"
"Belgio","Belgien"
"Bielorussia","Weißrussland"
"Bosnia e Erzegovina","Bosnien und Herzegowina"
"Bulgaria","Bulgarien"
"Cipro","Zypern"
"Città del Vaticano","Vatikanstadt"
"Croazia, Repubblica","Kroatien, Republik"
"Danimarca","Dänemark"
"Estonia","Estland"
"Finlandia","Finnland"
"Francia","Frankreich"
"Germania","Deutschland"
"Gibilterra","Gibraltar"
"Grecia","Griechenland"
"Guernsey","Guernsey"
"Irlanda","Irland"
"Islanda","Island"
"Jersey","Jersey"
"Lettonia","Lettland"
"Liechtenstein","Liechtenstein"
"Lituania","Litauen"
"Lussemburgo","Luxemburg"
"Macedonia","Mazedonien"
"Malta","Malta"
"Moldova ","Moldawien "
"Monaco","Monaco"
"Montenegro","Montenegro"
"Norvegia","Norwegen"
"Paesi Bassi","Niederlande"
"Polonia","Polen"
"Portogallo","Portugal"
"Regno Unito","Vereinigtes Königreich"
"Repubblica Ceca","Tschechische Republik"
"Romania","Rumänien"
"San Marino","San Marino"
"Serbia","Serbien"
"Slovacchia","Slowakei"
"Slovenia","Slowenien"
"Spagna","Spanien"
"Svalbard and Jan Mayen","Svalbard und Jan Mayen"
"Svezia","Schweden"
"Svizzera","Schweiz"
"Ucraina","Ukraine"
"Ungheria","Ungarn"
"Arabia Saudita","Saudi-Arabien"
"Bahrein","Bahrain"
"Emirati Arabi Uniti","Vereinigte Arabische Emirate"
"Giordania","Jordanien"
"Iraq","Irak"
"Israele","Israel"
"Kuwait","Kuwait"
"Libano","Libanon"
"Oman","Oman"
"Qatar","Katar"
"Turchia","Türkei"
"Yemen","Jemen"
"Bermuda","Bermuda"
"Canada","Kanada"
"Groenlandia","Grönland"
"Messico","Mexiko"
"St. Pierre e Miquelon","St. Pierre und Miquelon"
"Stati Uniti","Vereinigte Staaten"
"Australia","Australien"
"Figi","Fidschi"
"Guam","Guam"
"Isole Cook","Cookinseln"
"Isole Marshall","Marshallinseln"
"Isole Salomone","Salomonen"
"Kiribati","Kiribati"
"Micronesia","Mikronesien"
"Nauru","Nauru"
"Niue","Niue"
"Nuova Caledonia","Neukaledonien"
"Nuova Zelanda","Neuseeland"
"Palau","Palau"
"Papuasia Nuova Guinea","Papua-Neuguinea"
"Polinesia Francese","Französisch-Polynesien"
"Samoa Americane","Amerikanisch-Samoa"
"Samoa Occidentale","Samoa"
"Tonga","Tonga"
"Tuvalu","Tuvalu"
"Vanuatu","Vanuatu"
"Wallis e Futuna","Wallis und Futuna"
"Brunei Darussalam","Brunei Darussalam"
"Cambogia","Kambodscha"
"Filippine","Philippinen"
"Hong Kong","Hong Kong"
"Indonesia","Indonesien"
"Laos","Laos"
"Macao","Macao"
"Malesia","Malaysia"
"Singapore","Singapur"
"Tailandia","Thailand"
"Taiwan","Taiwan"
"Vietnam","Vietnam"
"Argentina","Argentinien"
"Bolivia","Bolivien"
"Brasile","Brasilien"
"Cile","Chile"
"Colombia","Kolumbien"
"Ecuador","Ecuador"
"Guyana","Guyana"
"Guyana Francese","Französisch-Guyana"
"Isole Falkland (Islas Malvinas)","Falklandinseln (Malwinen)"
"Paraguay","Paraguay"
"Perù","Peru"
"Suriname","Suriname"
"Uruguay","Uruguay"
"Venezuela","Venezuela"
"Cheque personal","Barscheck"
"Visa o Master Card","Visa oder Master Card"
"American Express","American Express"
"Postal order/Banker's cheque","Postanweisung/Bankscheck"
"Personal cheque","Persönlicher Scheck"
"Other - See item description","Sonstige - Siehe Artikelbeschreibung"
"PayPal","PayPal"
"Credit card accepted","Kreditkarte akzeptiert"
"Payment on collection accepted","Barzahlung bei Abholung akzeptiert"
"14 days","14 Tage"
"30 days","30 Tage"
"60 days","60 Tage"
"Returns Accepted","Rücknahme wird akzeptiert"
"Returns Not Accepted","Rücknahme wird nicht akzeptiert"
"Buyer","Käufer"
"Seller","Verkäufer"
"Economy services","Spardienste"
"Collect+ Economy Tracked","Nachnahme+ Spardienst mit Nachverfolgung"
"Economy Int'l Postage","Spardienst Internationales Porto"
"Hermes Tracked","Hermes mit Nachverfolgung"
"Other Courier 3 days","Anderer Kurier 3 Tage"
"Other Courier 5 days","Anderer Kurier 5 Tage"
"Other Courier","Anderer Kurier"
"Other Courier 3-5 days","Anderer Kurier 3-5 Tage"
"Royal Mail 2nd Class","Royal Mail 2. Klasse"
"Royal Mail 2nd Class Signed For","Royal Mail 2. Klasse mit Unterschrift"
"Royal Mail Tracked 48","Royal Mail mit Nachverfolgung 48"
"Royal Mail 48","Royal Mail 48"
"Expedited services","Eildienste"
"Express Int'l Postage","Express Internationales Porto"
"International Tracked Postage","Internationales Porto mit Nachverfolgung"
"Express services","Expressdienste"
"Other 24 Hour Courier","Anderer Kurier 24 Stunden"
"Parcelforce 24","Parcelforce 24"
"Royal Mail Special Delivery (TM) 1:00 pm","Royal Mail Sonderzustellung (TM) 13:00"
"Royal Mail Special Delivery (TM) 9:00 am","Royal Mail Sonderzustellung (TM) 9:00"
"None","Keine"
"Freight","Fracht"
"Parcelforce Global Express","Parcelforce Global Express"
"Parcelforce Global Priority","Parcelforce Global Priorität"
"Parcelforce Global Value","Parcelforce Global Wert"
"Parcelforce Global Economy (Not available for destinations in Europe)","Parcelforce Global Standard (Nicht verfügbar für Zielorte in Europa)"
"Royal Mail Airmail (Small Packets)","Royal Mail Luftpost (Päckchen)"
"Royal Mail Airsure","Royal Mail Airsure"
"Royal Mail Surface Mail","Royal Mail Schiffs- und Eisenbahnversand"
"Royal Mail International Signed-for","Royal Mail International mit Unterschrift"
"Royal Mail HM Forces Mail","Royal Mail HM Forces Mail"
"Promotional services","Promotional Versand"
"Services from outside UK","Versand von außerhalb des Vereinigten Königreiches"
"Economy Delivery from outside UK","Sparzustellung von außerhalb des Vereinigten Königreiches"
"Express Delivery from outside UK","Expresszustellung von außerhalb des Vereinigten Königreiches"
"FedEx International Economy","FedEx International Economy"
"Standard Delivery from outside UK with Royal Mail","Standardzustellung von außerhalb des Vereinigten Königreiches mit Royal Mail"
"Standard Delivery from outside UK","Standardzustellung von außerhalb des Vereinigten Königreiches"
"TNT International Express","TNT International Express"
"Tracked delivery from outside UK","Nachverfolgte Zustellung von außerhalb des Vereinigten Königreiches"
"Services from outside UK","Versand von außerhalb des Vereinigten Königreiches"
"Collection in Person","Persönliche Abholung"
"Standard services","Standarddienste"
"Collect+ Standard","Abholung+ Standard"
"Other 48 Hour Courier","Anderer 48 Stunden Kurier"
"Parcelforce 48","Parcelforce 48"
"Royal Mail 1st Class","Royal Mail 1. Klasse"
"Royal Mail 1st Class Signed For","Royal Mail 1. Klasse mit Unterschrift"
"Royal Mail Tracked 24","Royal Mail 24 mit Nachverfolgung"
"Royal Mail 24","Royal Mail 24"
"Standard Int'l Postage","Standard Internationales Porto"
"Worldwide","Weltweit"
"Australia","Australien"
"N. and S. America","Nord- und Südamerika"
"Asia","Asien"
"Canada","Kanada"
"Germany","Deutschland"
"Europe","Europa"
"European Union","Europäische Union"
"France","Frankreich"
"Ireland","Irland"
"Japan","Japan"
"None","Keine"
"United States","Vereinigte Staaten"
"Africa","Afrika"
"Asia","Asien"
"Central America and Caribbean","Mittelamerika und Karibik"
"Europe","Europa"
"North America","Nordamerika"
"Oceania","Ozeanien"
"South America","Südamerika"
"Middle East","Naher Osten"
"Southeast Asia","Südostasien"
"Channel Islands","Kanalinseln"
"Isle of Wight","Isle of Wight"
"Isle of Man","Isle of Man"
"Scilly Isles","Scilly-Inseln"
"Scottish Highlands","Schottische Hochländer"
"Scottish Islands","Schottische Inseln"
"Northern Ireland","Nordirland"
"PO Box","Postfach"
"Algeria","Algerien"
"Angola","Angola"
"Benin","Benin"
"Botswana","Botswana"
"Burkina Faso","Burkina Faso"
"Burundi","Burundi"
"Cameroon","Kamerun"
"Cape Verde Islands","Kapverdischen Inseln"
"Central African Republic","Zentralafrikanische Republik"
"Chad","Tschad"
"Comoros","Komoren"
"Congo, Democratic Republic of the","Kongo, Demokratische Republik"
"Congo, Republic of the","Kongo, Republik"
"Cote d Ivoire (Ivory Coast)","Elfenbeinküste"
"Djibouti","Dschibuti"
"Egypt","Ägypten"
"Equatorial Guinea","Äquatorialguinea"
"Eritrea","Eritrea"
"Ethiopia","Äthiopien"
"Gabon Republic","Gabunische Republik"
"Gambia","Gambia"
"Ghana","Ghana"
"Guinea","Guinea"
"Guinea-Bissau","Guinea-Bissau"
"Kenya","Kenia"
"Lesotho","Lesotho"
"Liberia","Liberia"
"Libya","Libyen"
"Madagascar","Madagaskar"
"Malawi","Malawi"
"Mali","Mali"
"Mauritania","Mauretanien"
"Mauritius","Mauritius"
"Mayotte","Mayotte"
"Morocco","Marokko"
"Mozambique","Mosambik"
"Namibia","Namibia"
"Niger","Niger"
"Nigeria","Nigeria"
"Reunion","Reunion"
"Rwanda","Ruanda"
"Saint Helena","Saint Helena"
"Senegal","Senegal"
"Seychelles","Seychellen"
"Sierra Leone","Sierra Leone"
"Somalia","Somalia"
"South Africa","Südafrika"
"Swaziland","Swasiland"
"Tanzania","Tansania"
"Togo","Togo"
"Tunisia","Tunesien"
"Uganda","Uganda"
"Western Sahara","West-Sahara"
"Zambia","Sambia"
"Zimbabwe","Zimbabwe"
"Afghanistan","Afghanistan"
"Armenia","Armenien"
"Azerbaijan Republic","Aserbaidschan, Republik"
"Bangladesh","Bangladesh"
"Bhutan","Bhutan"
"China","China"
"Georgia","Georgien"
"India","Indien"
"Japan","Japan"
"Kazakhstan","Kasachstan"
"Korea, South","Südkorea"
"Kyrgyzstan","Kirgistan"
"Maldives","Malediven"
"Mongolia","Mongolei"
"Nepal","Nepal"
"Pakistan","Pakistan"
"Sri Lanka","Sri Lanka"
"Tajikistan","Tadschikistan"
"Turkmenistan","Turkmenistan"
"Uzbekistan","Usbekistan"
"Russian Federation","Russische Föderation"
"Russian Federation","Russische Föderation"
"Albania","Albanien"
"Andorra","Andorra"
"Austria","Österreich"
"Belarus","Weißrussland"
"Belgium","Belgien"
"Bosnia and Herzegovina","Bosnien und Herzegowina"
"Bulgaria","Bulgarien"
"Croatia, Republic of","Kroatien, Republik"
"Cyprus","Zypern"
"Czech Republic","Tschechische Republik"
"Denmark","Dänemark"
"Estonia","Estland"
"Finland","Finnland"
"France","Frankreich"
"Germany","Deutschland"
"Gibraltar","Gibraltar"
"Greece","Griechenland"
"Guernsey","Guernsey"
"Hungary","Ungarn"
"Iceland","Island"
"Ireland","Irland"
"Italy","Italien"
"Jersey","Jersey"
"Latvia","Lettland"
"Liechtenstein","Liechtenstein"
"Lithuania","Litauen"
"Luxembourg","Luxemburg"
"Macedonia","Mazedonien"
"Malta","Malta"
"Moldova","Moldawien"
"Monaco","Monaco"
"Montenegro","Montenegro"
"Netherlands","Niederlande"
"Norway","Norwegen"
"Poland","Polen"
"Portugal","Portugal"
"Romania","Rumänien"
"San Marino","San Marino"
"Serbia","Serbien"
"Slovakia","Slowakei"
"Slovenia","Slowenien"
"Spain","Spanien"
"Svalbard and Jan Mayen","Svalbard und Jan Mayen"
"Sweden","Schweden"
"Switzerland","Schweiz"
"Ukraine","Ukraine"
"Vatican City State","Vatikanstadt (Heiliger Stuhl)"
"Anguilla","Anguilla"
"Antigua and Barbuda","Antigua und Barbuda"
"Aruba","Aruba"
"Bahamas","Bahamas"
"Barbados","Barbados"
"Belize","Belize"
"British Virgin Islands","Britische Jungferninseln"
"Cayman Islands","Cayman-Inseln"
"Costa Rica","Costa Rica"
"Dominica","Dominica"
"Dominican Republic","Dominikanische Republik"
"El Salvador","El Salvador"
"Grenada","Grenada"
"Guadeloupe","Guadeloupe"
"Guatemala","Guatemala"
"Haiti","Haiti"
"Honduras","Honduras"
"Jamaica","Jamaika"
"Martinique","Martinique"
"Montserrat","Montserrat"
"Netherlands Antilles","Niederländische Antillen"
"Nicaragua","Nicaragua"
"Panama","Panama"
"Puerto Rico","Puerto Rico"
"Saint Kitts-Nevis","Saint Kitts-Nevis"
"Saint Lucia","Saint Lucia"
"Saint Vincent and the Grenadines","St. Vincent und die Grenadinen"
"Trinidad and Tobago","Trinidad und Tobago"
"Turks and Caicos Islands","Turks and Caicos-Inseln"
"Virgin Islands (U.S.)","Jungferninseln (U.S.A.)"
"Bahrain","Bahrain"
"Iraq","Iraq"
"Israel","Israel"
"Jordan","Jordanien"
"Kuwait","Kuwait"
"Lebanon","Libanon"
"Oman","Oman"
"Qatar","Katar"
"Saudi Arabia","Saudi Arabien"
"Turkey","Türkei"
"United Arab Emirates","Vereinigte Arabische Emirate"
"Yemen","Jemen"
"Bermuda","Bermuda"
"Canada","Kanada"
"Greenland","Grönland"
"Mexico","Mexiko"
"Saint Pierre and Miquelon","Saint Pierre und Miquelon"
"United States","Vereinigte Staaten"
"American Samoa","Amerikanisch-Samoa"
"Australia","Australien"
"Cook Islands","Cookinseln"
"Fiji","Fidschi"
"French Polynesia","Französisch-Polynesien"
"Guam","Guam"
"Kiribati","Kiribati"
"Marshall Islands","Marshall-Inseln"
"Micronesia","Mikronesien"
"Nauru","Nauru"
"New Caledonia","Neukaledonien"
"New Zealand","Neuseeland"
"Niue","Niue"
"Palau","Palau"
"Papua New Guinea","Papua-Neuguinea"
"Solomon Islands","Salomon-Inseln"
"Tonga","Tonga"
"Tuvalu","Tuvalu"
"Vanuatu","Vanuatu"
"Wallis and Futuna","Wallis und Futuna-Inseln"
"Western Samoa","West-Samoa"
"Brunei Darussalam","Brunei Darussalam"
"Cambodia","Kambodscha"
"Hong Kong","Hongkong"
"Indonesia","Indonesien"
"Laos","Laos"
"Macau","Macau"
"Malaysia","Malaysia"
"Philippines","Philippinen"
"Singapore","Singapur"
"Taiwan","Taiwan"
"Thailand","Thailand"
"Vietnam","Vietnam"
"Argentina","Argentinien"
"Bolivia","Bolivien"
"Brazil","Brasilien"
"Chile","Chile"
"Colombia","Kolumbien"
"Ecuador","Ecuador"
"Falkland Islands (Islas Malvinas)","Falklandinseln (Islas Malvinas)"
"French Guiana","Französisch-Guyana"
"Guyana","Guyana"
"Paraguay","Paraguay"
"Peru","Peru"
"Suriname","Surinam"
"Uruguay","Uruguay"
"Venezuela","Venezuela"
"Vaglia postale","Postanweisung"
"Assegno","Scheck"
"Visa o Master Card","Visa oder MasterCard"
"American Express","American Express"
"Pago contra reembolso","Zahlung per Nachnahme"
"Otros: ver la descripción del artículo","Andere: Sehen Sie sich die Artikelbeschreibung an"
"Transferencia bancaria","Banküberweisung"
"PayPal","PayPal"
"Se aceptan transferencias bancarias","Banküberweisungen werden akzeptiert"
"14 días","14 Tage"
"30 días","30 Tage"
"60 días","60 Tage"
"Devoluciones aceptadas","Rückgabe gestattet"
"No se aceptan devoluciones","Es sind keine Rückgaben gestattet"
"Comprador","Käufer"
"Vendedor","Verkäufer"
"Económico","Spar"
"Correos: cartas ordinarias","Correos: Normale Briefe"
"Correos: cartas certificadas","Correos: Einschreibebriefe"
"Correos: Paquete Azul","Correos: Paquete Azul (blaues Paket)"
"Otros (ver descripción)","Andere (siehe Beschreibung)"
"Envío urgente desde el exterior","Eilsendung aus dem Ausland"
"EMS Postal Exprés internacional","EMS - Express Mail Service"
"Envío internacional urgente","Internationale Eilsendung"
"Estándar","Standard"
"Correos: cartas certificadas urgentes","Correos: Eilige Einschreibebriefe"
"Correos: Postal 48/72","Correos: Postal 48/72 (Post 48-72 Stunden)"
"Correos: Postal Exprés","Correos: Postal Exprés (Expresspost)"
"Nacex: Pluspack/Plusbag","Nacex: Pluspack/Plusbag"
"Otro courier 48 horas","Anderer Lieferdienst 48 Stunden"
"Express","Express"
"Correos: Chronoexprés","Correos: Chronoexprés"
"Nacex: Siguiente dia laborable","Nacex: Nächster Werktag"
"Otro courier 24 horas","Anderer Lieferdienst 24 Stunden"
"Ninguno","Keiner"
"Cartas internacionales hasta 20 gr","Internationale Briefe bis 20 gr"
"Cartas internacionales de mas de 20 gr","Internationale Briefe über 20 gr"
"Otros servicios","Andere Dienste"
"Cartas nacionales hasta 20 gr","Nationale Briefe bis 20 gr"
"Cartas y tarjetas postales internacionales","Internationale Briefe und Postkarten"
"Envío desde el extranjero con seguimiento","Sendung aus dem Ausland mit Sendungsverfolgung"
"Envío económico desde el extranjero","Sparsendung aus dem Ausland"
"Envío estándar a las islas Canarias","Standardsendung an die Kanarischen Inseln"
"Envío estándar a Ceuta/Melilla","Standardsendung an Ceuta/Melilla"
"Envío estándar desde el extranjero","Standardsendung aus dem Ausland"
"Envío internacional económico","Internationale Sparsendung"
"Envío internacional estándar","Internationale Standardsendung"
"Envío urgente desde el extranjero","Eilsendung aus dem Ausland"
"Paquete internacional económico","Internationales Sparpaket"
"Paquete internacional prioritario","Internationales Prioritätspaket"
"Paquete Internacional Económico","Internationales Sparpaket"
"Seur Classic","Seur Classic"
"Otros servicios","Andere Dienste"
"Recogida local","Lokale Abholung"
"Puntos de entrega","Lieferpunkte"
"Entrega a un punto Kiala (hasta 8 kg)","Lieferung an einen Kiala-Punkt (bis 8 kg)"
"Entrega en NACEX.shop","Lieferung an einen NACEX.shop"
"Servicios promocionales","Werbedienste"
"A todo el mundo","An die ganze Welt"
"América","Amerika"
"Asia","Asien"
"Canadá","Kanada"
"Alemania","Deutschland"
"Europa","Europa"
"Unión Europea","Europäische Union"
"Francia","Frankreich"
"Reino Unido","Vereinigtes Königreich"
"No hay ninguna ubicación","Kein Ort vorhanden"
"Estados Unidos","Vereinigte Staaten"
"África","Afrika"
"Asia","Asien"
"América Central y el Caribe","Zentralamerika und Karibik"
"Europa","Europa"
"Norteamérica","Nordamerika"
"Oceanía","Ozeanien"
"Sudamérica","Südamerika"
"Oriente Medio","Naher Osten"
"Sudeste asiático","Südostasien"
"Apartado postal","Postfach"
"Angola","Angola"
"Argelia","Algerien"
"Benín","Benin"
"Botsuana","Botswana"
"Burkina Faso","Burkina Faso"
"Burundi","Burundi"
"Cabo Verde","Kap Verde"
"Camerún","Kamerun"
"Chad","Tschad"
"Comoros","Komoren"
"Congo","Kongo"
"Costa de Marfil","Elfenbeinküste"
"Egipto","Ägypten"
"Eritrea","Eritrea"
"Etiopía","Äthiopien"
"Gabón","Gabun"
"Gambia","Gambia"
"Ghana","Ghana"
"Guinea","Guinea"
"Guinea Ecuatorial","Äquatorialguinea"
"Guinea-Bissau","Guinea-Bissau"
"Kenia","Kenia"
"Lesotho","Lesotho"
"Liberia","Liberia"
"Libya","Libyen"
"Madagascar","Madagaskar"
"Malaui","Malawi"
"Mali","Mali"
"Marruecos","Marokko"
"Mauricio","Mauritius"
"Mauritania","Mauretanien"
"Mayotte","Mayotte"
"Mozambique","Mosambik"
"Namibia","Namibia"
"Niger","Niger"
"Nigeria","Nigeria"
"República Centroafricana","Zentralafrikanische Republik"
"República Democrática del Congo","Demokratische Republik Kongo"
"Reunion","Réunion"
"Ruanda","Ruanda"
"Santa Elena","St. Helena"
"Senegal","Senegal"
"Seychelles","Seychellen"
"Sierra Leona","Sierra Leone"
"Somalia","Somalia"
"Suazilandia","Swasiland"
"Sudáfrica","Südafrika"
"Sáhara Occidental","Westsahara"
"Tanzania","Tansania"
"Togo","Togo"
"Túnez","Tunesien"
"Uganda","Uganda"
"Yibuti","Dschibuti"
"Zambia","Sambia"
"Zimbabue","Simbabwe"
"Afganistán","Afghanistan"
"Armenia","Armenien"
"Azerbaiyán","Aserbaidschan"
"Bangladesh","Bangladesch"
"Bután","Bhutan"
"China","China"
"Corea del Sur","Südkorea"
"Georgia","Georgien"
"India","Indien"
"Japón","Japan"
"Kazajistán","Kasachstan"
"Kirguizistán","Kirgisistan"
"Maldivas","Malediven"
"Mongolia","Mongolei"
"Nepal","Nepal"
"Pakistán","Pakistan"
"Rusia","Russland"
"Sri Lanka","Sri Lanka"
"Tajikistán","Tadschikistan"
"Turkmenistán","Turkmenistan"
"Uzbekistán","Usbekistan"
"Anguila","Anguilla"
"Antigua y Barbuda","Antigua und Barbuda"
"Antillas Neerlandesas","Niederländische Antillen"
"Aruba","Aruba"
"Bahamas","Bahamas"
"Barbados","Barbados"
"Belice","Belize"
"Costa Rica","Costa Rica"
"Dominica","Dominica"
"El Salvador","El Salvador"
"Granada","Grenada"
"Guadalupe","Guadeloupe"
"Guatemala","Guatemala"
"Haití","Haiti"
"Honduras","Honduras"
"Islas Caimán","Cayman Islands"
"Islas Turcas y Caicos","Turks- und Caicosinseln"
"Islas Vírgenes Americanas","Amerikanische Jungferninseln"
"Islas Vírgenes Británicas","Britische Jungferninseln"
"Jamaica","Jamaika"
"Martinica","Martinique"
"Montserrat","Montserrat"
"Nicaragua","Nicaragua"
"Panamá","Panama"
"Puerto Rico","Puerto Rico"
"República Dominicana","Dominikanische Republik"
"San Cristóbal y Nieves","St. Kitts und Nevis"
"San Vicente y las Granadinas","St. Vincent und die Grenadinen"
"Santa Lucía","St. Lucia"
"Trinidad y Tobago","Trinidad und Tobago"
"Albania","Albanien"
"Alemania","Deutschland"
"Andorra","Andorra"
"Austria","Österreich"
"Bielorrusia","Weißrussland"
"Bosnia y Hercegovina","Bosnien und Herzegowina"
"Bulgaria","Bulgarien"
"Bélgica","Belgien"
"Chequia","Tschechien"
"Chipre","Zypern"
"Croacia","Kroatien"
"Dinamarca","Dänemark"
"El Vaticano","Vatikanstadt"
"Eslovaquia","Slowakei"
"Eslovenia","Slowenien"
"Estonia","Estland"
"Finlandia","Finnland"
"Francia","Frankreich"
"Gibraltar","Gibraltar"
"Grecia","Griechenland"
"Guernsey","Guernsey"
"Hungría","Ungarn"
"Irlanda","Irland"
"Islandia","Island"
"Italia","Italien"
"Jersey","Jersey"
"Letonia","Lettland"
"Liechtenstein","Liechtenstein"
"Lituania","Litauen"
"Luxemburgo","Luxemburg"
"Macedonia","Mazedonien"
"Malta","Malta"
"Moldavia","Moldawien"
"Montenegro","Montenegro"
"Mónaco","Monaco"
"Noruega","Norwegen"
"Países Bajos","Niederlande"
"Polonia","Polen"
"Portugal","Portugal"
"Reino Unido","Vereinigtes Königreich"
"Rumania","Rumänien"
"San Marino","San Marino"
"Serbia","Serbien"
"Suecia","Schweden"
"Suiza","Schweiz"
"Svalbard and Jan Mayen","Spitzbergen und Jan Mayen"
"Ucrania","Ukraine"
"Arabia Saudí","Saudi-Arabien"
"Bahráin","Bahrain"
"Emiratos Árabes Unidos","Vereinigte Arabische Emirate"
"Iraq","Irak"
"Israel","Israel"
"Jordania","Jordanien"
"Kuwait","Kuwait"
"Líbano","Libanon"
"Omán","Oman"
"Qatar","Katar"
"Turquía","Türkei"
"Yemen","Jemen"
"Bermudas","Bermuda"
"Canadá","Kanada"
"Estados Unidos","Vereinigte Staaten"
"Groenlandia","Grönland"
"México","Mexiko"
"San Pedro y Miguelón","Saint-Pierre und Miquelon"
"Australia","Australien"
"Fiyi","Fidschi"
"Guam","Guam"
"Islas Cook","Cookinseln"
"Islas Marshall","Marshallinseln"
"Islas Salomón","Salomonen"
"Kiribati","Kiribati"
"Micronesia","Mikronesien"
"Nauru","Nauru"
"Niue","Niue"
"Nueva Caledonia","Neukaledonien"
"Nueva Zelanda","Neuseeland"
"Palaos","Palau"
"Papúa Nueva Guinea","Papua-Neuguinea"
"Polinesia Francesa","Französisch-Polynesien"
"Samoa (oeste)","Samoa (West)"
"Samoa americana","Amerikanisch-Samoa"
"Tonga","Tonga"
"Tuvalu","Tuvalu"
"Vanuatu","Vanuatu"
"Wallis y Futuna","Wallis und Futuna"
"Brunéi","Brunei"
"Camboya","Kambodscha"
"Filipinas","Philippinen"
"Hong Kong","Hong Kong"
"Indonesia","Indonesien"
"Laos","Laos"
"Macao","Macao"
"Malasia","Malaysia"
"Singapur","Singapur"
"Tailandia","Thailand"
"Taiwán","Taiwan"
"Vietnam","Vietnam"
"Argentina","Argentinien"
"Bolivia","Bolivien"
"Brasil","Brasilien"
"Chile","Chile"
"Colombia","Kolumbien"
"Ecuador","Ecuador"
"Guayana Francesa","Französisch-Guayana"
"Guyana","Guyana"
"Islas Malvinas","Falklandinseln/Malwinen"
"Paraguay","Paraguay"
"Perú","Peru"
"Surinam","Suriname"
"Uruguay","Uruguay"
"Venezuela","Venezuela"
"Mandat/Chèque de banque","Bankscheck/Bankauftrag"
"Chèque personnel","Persönlicher Scheck"
"Visa ou MasterCard","Visa oder MasterCard"
"American Express","American Express"
"Contre remboursement","Per Nachnahme"
"Autre - Voir la description de l'objet","Sonstiges - siehe Produktbeschreibung"
"Virement bancaire","Banküberweisung"
"PayPal","PayPal"
"Virement bancaire accepté","Banküberweisung akzeptiert"
"14 jours","14 Tage"
"30 jours","30 Tage"
"60 jours","60 Tage"
"Retours acceptés","Rücksendungen akzeptiert"
"Retours refusés","Rücksendungen abgelehnt"
"Acheteur","Käufer"
"Vendeur","Verkäufer"
"Autres","Sonstige"
"Autre livraison internationale standard","Andere internationale Lieferung standard"
"Autre livraison internationale économique","Andere internationale Lieferung economy"
"Contre remboursement","Per Nachnahme"
"La Poste - Courrier International Prioritaire","La Poste - Brief International Express"
"La Poste - Courrier International Economique","La Poste - Brief International Economy"
"La Poste - Colissimo International","La Poste - Päckchen International"
"La Poste - Colissimo Emballage International","La Poste - Päckchen Verpackung International"
"La Poste - Colis Economique International","La Poste - Päckchen Economy International"
"Livraison économique à partir de l'étranger","Economy Lieferung ab dem Ausland"
"Livraison standard à partir de l'étranger","Standard Lieferung ab dem Ausland"
"Livraison express à partir de l'étranger","Express Lieferung ab dem Ausland"
"Livraison à partir de l'étranger avec suivi de commande","Lieferung ab dem Ausland mit Bestellverfolgung"
"Livraison dans les DOM-TOM","Lieferung in die DOM-TOM"
"UPS Standard","UPS Standard"
"Economique","Economy"
"Autre mode d'envoi","Andere Versandart"
"Lettre avec suivi","Brief mit Verfolgung"
"Lettre Max","Brief Max"
"Lettre verte/Ecopli","Brief grün/öko"
"Express","Express"
"Autre livraison en 24 h","Andere Lieferung in 24 Stunden"
"Chronopost","Chronopost"
"Chronopost Express International","Chronopost Express International"
"Express Shipping from outside","Express Shipping from outside"
"Autre livraison internationale express","Andere internationale Lieferung express"
"Chronopost Classic International","Chronopost Classic International"
"DHL","DHL"
"UPS Express","UPS Express"
"Local Pickup","Local Pickup"
"Remise en mains propres","Persönliche Übergabe"
"None","None"
"Chrono 10","Chrono 10"
"Chrono 18","Chrono 18"
"Point Relais","Packstation"
"Chronopost - Chrono Relais","Chronopost - Chrono Packstation"
"Livraison en Relais Mondial Relay","Lieferung an Packstation Mondial Relay"
"Livraison en Relais Kiala","Lieferung an Packstation Kiala"
"Promotional Services","Promotional Services"
"Standard","Standard"
"Autre livraison en 48 h","Andere Lieferung in 48 Stunden"
"Colissimo","Colissimo"
"Colissimo Recommandé","Colissimo mit Einschreiben"
"Lettre prioritaire","Brief express"
"Lettre recommandée","Brief Einschreiben"
"Monde entier","Weltweit"
"Australie","Australien"
"Amérique","Amerika"
"Asie","Asien"
"Belgique","Belgien"
"Canada","Kanada"
"Allemagne","Deutschland"
"Europe","Europa"
"Union européenne","Europäische Union"
"Royaume-Uni","Vereinigtes Königreich"
"Japon","Japan"
"Aucun lieu","Kein Ort"
"États-Unis","USA"
"Afrique","Afrika"
"Asie","Asien"
"Amérique Centrale et Caraïbes","Mittelamerika und Karibik"
"Europe","Europa"
"Amérique du Nord","Nordamerika"
"Océanie","Ozeanien"
"Amérique du Sud","Südamerika"
"Moyen-Orient","Mittlerer Osten"
"Asie du Sud-Est","Südostasien"
"Boîte postale","Postfach"
"Afrique du Sud","Südafrika"
"Algérie","Algerien"
"Angola","Angola"
"Botswana","Botsuana"
"Burkina Faso","Burkina Faso"
"Burundi","Burundi"
"Bénin","Benin"
"Cameroun","Kamerun"
"Comores","Komoren"
"Congo","Kongo"
"Congo, République démocratique du","Kongo, Demokratische Republik"
"Côte d'Ivoire","Elfenbeinküste"
"Djibouti","Dschibuti"
"Gabon","Gabun"
"Gambie","Gambia"
"Ghana","Ghana"
"Guinée","Guinea"
"Guinée Equatoriale","Äquatorialguinea"
"Guinée-Bissau","Guinea-Bissau"
"Kenya","Kenia"
"Lesotho","Lesotho"
"Liberia","Liberia"
"Libya","Libyen"
"Madagascar","Madagaskar"
"Malawi","Malawi"
"Mali","Mali"
"Maroc","Marokko"
"Maurice (île)","Mauritius (Insel)"
"Mauritanie","Mauretanien"
"Mayotte","Mayotte"
"Mozambique","Mozambik"
"Namibie","Namibia"
"Niger","Niger"
"Nigeria","Nigeria"
"Ouganda","Uganda"
"Rwanda","Ruanda"
"République centrafricaine","Zentralafrikanische Republik"
"Réunion","Réunion"
"Sahara-Occidental","Westsahara"
"Sainte Hélène","St. Helena"
"Seychelles","Seychellen"
"Sierra Leone","Sierra Leone"
"Somalie","Somalia"
"Souaziland","Swasiland"
"Sénégal","Senegal"
"Tanzanie","Tansania"
"Tchad","Tschad"
"Togo","Togo"
"Tunisie","Tunesien"
"Zambie","Sambia"
"Zimbabwe","Simbabwe"
"Égypte","Ägypten"
"Érythrée","Eritrea"
"Éthiopie","Äthiopien"
"Îles du Cap Vert","Kapverdische Inseln"
"Afghanistan","Afghanistan"
"Arménie","Armenien"
"Bangladesh","Bangladesh"
"Bhoutan","Bhutan"
"Chine","China"
"Corée du Sud","Südkorea"
"Géorgie","Georgien"
"Inde","Indien"
"Japon","Japan"
"Kazakhstan","Kasachstan"
"Kirgizistan","Kirgisistan"
"Maldives (îles)","Malediven (Inseln)"
"Mongolie","Mongolei"
"Népal","Nepal"
"Ouzbékistan","Usbekistan"
"Pakistan","Pakistan"
"République d'Azerbaïdjan","Republik Aserbaidschan"
"Sri Lanka","Sri Lanka"
"Tajikistan","Tadschikistan"
"Turkménistan","Turkmenistan"
"Russie","Russland"
"Russie","Russland"
"Albanie","Albanien"
"Allemagne","Deutschland"
"Andorre","Andorra"
"Autriche","Österreich"
"Belgique","Belgien"
"Biélorussie","Weißrussland"
"Bosnie-Herzégovine","Bosnien und Herzegowina"
"Bulgarie","Bulgarien"
"Chypre","Zypern"
"Croatie","Kroatien"
"Danemark","Dänemark"
"Espagne","Spanien"
"Estonie","Estland"
"Finlande","Finnland"
"Gibraltar","Gibraltar"
"Grèce","Griechenland"
"Guernesey","Guernesey"
"Hongrie","Ungarn"
"Irlande (Eire)","Irland (Eire)"
"Islande","Island"
"Italie","Italien"
"Jersey","Jersey"
"Lettonie","Lettland"
"Liechtenstein","Liechtenstein"
"Lituanie","Litauen"
"Luxembourg","Luxemburg"
"Macédoine","Mazedonien"
"Malte","Malta"
"Moldavie","Moldawien"
"Monaco","Monaco"
"Monténégro","Montenegro"
"Norvège","Norwegen"
"Pays-Bas","Niederlande"
"Pologne","Polen"
"Portugal","Portugal"
"Roumanie","Rumänien"
"Royaume-Uni","Vereinigtes Königreich"
"République tchèque","Tschechische Republik"
"Saint Marin","San Marino"
"Serbie","Serbien"
"Slovaquie","Slowakei"
"Slovénie","Slowenien"
"Suisse","Schweiz"
"Suède","Schweden"
"Svalbard and Jan Mayen","Svalbard und Jan Mayen"
"Ukraine","Ukraine"
"Vatican","Vatikan"
"Anguilla","Anguilla"
"Antigua-et-Barbuda","Antigua und Barbuda"
"Antilles néerlandaises","Niederländische Antillen"
"Aruba","Aruba"
"Bahamas","Bahamas"
"Barbade (la)","Barbados"
"Belize","Belize"
"Costa Rica","Costa Rica"
"Dominique","Dominique"
"Grenade","Granada"
"Guadeloupe","Guadeloupe"
"Guatemala","Guatemala"
"Haïti","Haïti"
"Honduras","Honduras"
"Jamaïque","Jamaika"
"Martinique","Martinique"
"Montserrat","Montserrat"
"Nicaragua","Nicaragua"
"Panama","Panama"
"Porto Rico","Puerto Rico"
"République dominicaine","Dominikanische Republik"
"Saint Kitts-Nevis","St. Kitts und Nevis"
"Saint Vincent et Grenadines","St. Vincent und die Grenadinen"
"Sainte Lucie","Sainte Lucie"
"Salvador","Salvador"
"Trinité-et-Tobago","Trinidad und Tobago"
"Îles Cayman","Cayman Islands"
"Îles Turques et Caïques","Turks- und Caicosinseln"
"Îles Vierges américaines","Amerikanische Jungferninseln"
"Îles Vierges britanniques","Britische Jungferninseln"
"Arabie Saoudite","Saudi-Arabien"
"Bahreïn","Bahrain"
"Iraq","Irak"
"Israël","Israel"
"Jordanie","Jordanien"
"Koweït","Kuwait"
"Liban","Libanon"
"Oman","Oman"
"Qatar","Katar"
"Turquie","Türkei"
"Yémen","Jemen"
"Émirats arabes unis","Vereinigte Arabische Emirate"
"Bermudes","Bermuda"
"Canada","Kanada"
"Groenland","Grönland"
"Mexique","Mexiko"
"Saint Pierre et Miquelon","Saint-Pierre und Miquelon"
"États-Unis","USA"
"Australie","Australien"
"Fidji","Fidschi"
"Guam","Guam"
"Kiribati","Kiribati"
"Micronesia","Mikronesien"
"Nauru","Nauru"
"Niue","Niue"
"Nouvelle Calédonie","Neukaledonien"
"Nouvelle Zélande","Neuseeland"
"Palau","Palau"
"Papouasie Nouvelle-Guinée","Papua-Neuguinea"
"Polynésie française","Französisch-Polynesien"
"Samoa américaines","Amerikanisch-Samoa"
"Samoa occidentales","Samoa"
"Tonga","Tonga"
"Tuvalu","Tuvalu"
"Vanuatu","Vanuatu"
"Wallis et Futuna","Wallis und Futuna"
"Îles Cook","Cookinseln"
"Îles Marshall","Marshallinseln"
"Îles Salomon","Salomonen"
"Brunei","Brunei"
"Cambodge","Kambodscha"
"Hong Kong","Hongkong"
"Indonésie","Indonesien"
"Laos","Laos"
"Macao","Macao"
"Malaisie","Malaysia"
"Philippines","Philippinen"
"Singapour","Singapur"
"Taiwan","Taiwan"
"Thailande","Thailand"
"Vietnam","Vietnam"
"Argentine","Argentinien"
"Bolivie","Bolivien"
"Brésil","Brasilien"
"Chili","Chile"
"Colombie","Kolumbien"
"Guyane","Französisch-Guayana"
"Guyane","Französisch-Guayana"
"Paraguay","Paraguay"
"Pérou","Peru"
"Suriname","Suriname"
"Uruguay","Uruguay"
"Vénézuela","Venezuela"
"Équateur","Ecuador"
"Îles Falkland (Îles Malvinas)","Falklandinseln"
